Workbook
Name _Toc45260617: Таб.3.1_исходная!#REF!
Name _Toc45260617: Таб.3.1_полная!#REF!
Name Hchladice: #REF!
Name Hchladice: #REF!
Name Hchladice: #REF!
Name MaxVlhkost: #REF!
Name MaxVlhkost: #REF!
Name MaxVlhkost: #REF!
Name sub_1111: Таб.3.1_исходная!#REF!
Name sub_1111: Таб.3.1_полная!#REF!
Name sub_311: Таб.3.1_исходная!#REF!
Name sub_311: Таб.3.1_полная!#REF!
Name sub_312: Таб.3.1_исходная!#REF!
Name sub_312: Таб.3.1_полная!#REF!
Name sub_400: Таб.3.1_исходная!#REF!
Name sub_400: Таб.3.1_полная!#REF!
Name sub_41: Таб.3.1_исходная!#REF!
Name sub_41: Таб.3.1_полная!#REF!
Name sub_411: Таб.3.1_исходная!#REF!
Name sub_411: Таб.3.1_полная!#REF!
Name sub_412: Таб.3.1_исходная!#REF!
Name sub_412: Таб.3.1_полная!#REF!
Name sub_441: Таб.3.1_исходная!#REF!
Name sub_441: Таб.3.1_полная!#REF!
Name sub_4411: Таб.3.1_исходная!#REF!
Name sub_4411: Таб.3.1_полная!#REF!
Name Tchladice: #REF!
Name Tchladice: #REF!
Name Tchladice: #REF!
Name Tlak_vzduchu: #REF!
Name Tlak_vzduchu: #REF!
Name Tlak_vzduchu: #REF!
Name xchladice: #REF!
Name xchladice: #REF!
Name xchladice: #REF!
Name Аж: [1]МКД_ГВС_расчет!$C$22
Name Аж: [1]МКД_ГВС_расчет!$C$22
Name Аж: [2]МКД_ГВС_расчет!$C$22
Name Анж: [1]МКД_ГВС_расчет!$C$16
Name Анж: [1]МКД_ГВС_расчет!$C$16
Name Анж: [2]МКД_ГВС_расчет!$C$16
Name баланс: #REF!
Name баланс: #REF!
Name баланс: #REF!
Name площадьпола: #REF!
Name площадьпола: #REF!
Name площадьпола: #REF!
Name Теплоснабжение: [1]вспом_топливо!$A$2:$A$3
Name Теплоснабжение: [1]вспом_топливо!$A$2:$A$3
Name Теплоснабжение: [2]вспом_топливо!$A$2:$A$3
Name числолюдей: #REF!
Name числолюдей: #REF!
Name числолюдей: #REF!

Sheet Таб.3.1_полная
A1: Region | B1: City | C1: TWinterOut092 | D1: HeatingPeriodDuration | E1: HeatingPeriodAvgTemperature | F1: WinterRelativeHumidity | G1: WinterWindSpeed
A2: =Таб.3.1_исходная!A5 -> Республика Адыгея (Адыгея) | B2: =Таб.3.1_исходная!B5 -> Майкоп | C2: =Таб.3.1_исходная!F5 -> -16 | D2: =Таб.3.1_исходная!L5 -> 147 | E2: =Таб.3.1_исходная!M5 -> 2.5 | F2: =Таб.3.1_исходная!P5 -> 77 | G2: =Таб.3.1_исходная!T5 -> 3.6
A3: =Таб.3.1_исходная!A6 -> Республика Алтай | B3: =Таб.3.1_исходная!B6 -> Катанда | C3: =Таб.3.1_исходная!F6 -> -38 | D3: =Таб.3.1_исходная!L6 -> 233 | E3: =Таб.3.1_исходная!M6 -> -9 | F3: =Таб.3.1_исходная!P6 -> 80 | G3: =Таб.3.1_исходная!T6 -> 1.8
A4: =Таб.3.1_исходная!A7 -> Республика Алтай | B4: =Таб.3.1_исходная!B7 -> Кош-Агач | C4: =Таб.3.1_исходная!F7 -> -42 | D4: =Таб.3.1_исходная!L7 -> 256 | E4: =Таб.3.1_исходная!M7 -> -12 | F4: =Таб.3.1_исходная!P7 -> 81 | G4: =Таб.3.1_исходная!T7 -> 3.3
A5: =Таб.3.1_исходная!A8 -> Республика Алтай | B5: =Таб.3.1_исходная!B8 -> Онгудай | C5: =Таб.3.1_исходная!F8 -> -36 | D5: =Таб.3.1_исходная!L8 -> 228 | E5: =Таб.3.1_исходная!M8 -> -8 | F5: =Таб.3.1_исходная!P8 -> 78 | G5: =Таб.3.1_исходная!T8 -> 2.1
A6: =Таб.3.1_исходная!A9 -> Республика Алтай | B6: =Таб.3.1_исходная!B9 -> Яйлю | C6: =Таб.3.1_исходная!F9 -> -24 | D6: =Таб.3.1_исходная!L9 -> 224 | E6: =Таб.3.1_исходная!M9 -> -2.4 | F6: =Таб.3.1_исходная!P9 -> 66 | G6: =Таб.3.1_исходная!T9 -> 3.7
A7: =Таб.3.1_исходная!A10 -> Алтайский край | B7: =Таб.3.1_исходная!B10 -> Алейск | C7: =Таб.3.1_исходная!F10 -> -35 | D7: =Таб.3.1_исходная!L10 -> 209 | E7: =Таб.3.1_исходная!M10 -> -7.4 | F7: =Таб.3.1_исходная!P10 -> 77 | G7: =Таб.3.1_исходная!T10 -> 5.9
A8: =Таб.3.1_исходная!A11 -> Алтайский край | B8: =Таб.3.1_исходная!B11 -> Барнаул | C8: =Таб.3.1_исходная!F11 -> -36 | D8: =Таб.3.1_исходная!L11 -> 214 | E8: =Таб.3.1_исходная!M11 -> -7.5 | F8: =Таб.3.1_исходная!P11 -> 77 | G8: =Таб.3.1_исходная!T11 -> 3.9
A9: =Таб.3.1_исходная!A12 -> Алтайский край | B9: =Таб.3.1_исходная!B12 -> Бийск | C9: =Таб.3.1_исходная!F12 -> -37 | D9: =Таб.3.1_исходная!L12 -> 213 | E9: =Таб.3.1_исходная!M12 -> -7.6 | F9: =Таб.3.1_исходная!P12 -> 78 | G9: =Таб.3.1_исходная!T12 -> 4.9
A10: =Таб.3.1_исходная!A13 -> Алтайский край | B10: =Таб.3.1_исходная!B13 -> Змеиногорск | C10: =Таб.3.1_исходная!F13 -> -37 | D10: =Таб.3.1_исходная!L13 -> 211 | E10: =Таб.3.1_исходная!M13 -> -6.7 | F10: =Таб.3.1_исходная!P13 -> 74 | G10: =Таб.3.1_исходная!T13 -> 5.2
A11: =Таб.3.1_исходная!A14 -> Алтайский край | B11: =Таб.3.1_исходная!B14 -> Родино | C11: =Таб.3.1_исходная!F14 -> -37 | D11: =Таб.3.1_исходная!L14 -> 207 | E11: =Таб.3.1_исходная!M14 -> -8 | F11: =Таб.3.1_исходная!P14 -> 78 | G11: =Таб.3.1_исходная!T14 -> 5.9
A12: =Таб.3.1_исходная!A15 -> Алтайский край | B12: =Таб.3.1_исходная!B15 -> Рубцовск | C12: =Таб.3.1_исходная!F15 -> -37 | D12: =Таб.3.1_исходная!L15 -> 207 | E12: =Таб.3.1_исходная!M15 -> -7.8 | F12: =Таб.3.1_исходная!P15 -> 76 | G12: =Таб.3.1_исходная!T15 -> 7.1
A13: =Таб.3.1_исходная!A16 -> Алтайский край | B13: =Таб.3.1_исходная!B16 -> Славгород | C13: =Таб.3.1_исходная!F16 -> -37 | D13: =Таб.3.1_исходная!L16 -> 206 | E13: =Таб.3.1_исходная!M16 -> -8.8 | F13: =Таб.3.1_исходная!P16 -> 80 | G13: =Таб.3.1_исходная!T16 -> 4.9
... A525: =Таб.3.1_исходная!A528 -> 0 | B525: =Таб.3.1_исходная!B528 -> 0 | C525: =Таб.3.1_исходная!F528 -> 0 | D525: =Таб.3.1_исходная!L528 -> 0 | E525: =Таб.3.1_исходная!M528 -> 0 | F525: =Таб.3.1_исходная!P528 -> 0 | G525: =Таб.3.1_исходная!T528 -> 0

Sheet Таб.3.1_исходная
A1: Республика, край, автономный округ, область | B1: Населенный пункт | C1: Температура воздуха наиболее холодных суток, °С, обеспеченностью | E1: Температура воздуха наиболее холодной пятидневки, °С, обеспеченностью | G1: Температура воздуха, °С, обеспеченностью 0,94 | H1: Абсолютная минимальная температура воздуха, °С | I1: Средняя суточная амплитуда температуры воздуха наиболее холодного месяца, °С | J1: Продолжительность, сут, и средняя температура воздуха, °С, периода со средней суточной температурой воздуха | P1: Средняя месячная относительная влажность воздуха наиболее холодного месяца, % | Q1: Средняя месячная относительная влажность воздуха в 15 ч наиболее холодного месяца, % | R1: Количество осадков за ноябрь - март, мм | S1: Преобладающее направление ветра за декабрь - февраль | T1: Максимальная из средних скоростей ветра по румбам за январь, м/с | U1: Средняя скорость ветра, м/с, за период со сред ней суточной температурой воздуха 8°С | V1: https://lsk-lskos.ru/sk
J2: ≤0°С | L2: ≤8°С | N2: ≤10°С
C3: 0.98 | D3: 0.92 | E3: 0.98 | F3: 0.92 | J3: продолжительность, сут. | K3: средняя температура, °С | L3: продолжительность, сут. | M3: средняя температура, °С | N3: продолжительность, сут. | O3: средняя температура, °С
A4: 1 | B4: 1 | C4: 2 | D4: 3 | E4: 4 | F4: 5 | G4: 6 | H4: 7 | I4: 8 | J4: 9 | K4: 10 | L4: 11 | M4: 12 | N4: 13 | O4: 14 | P4: 15 | Q4: 16 | R4: 17 | S4: 18 | T4: 19 | U4: 20
A5: Республика Адыгея (Адыгея) | B5: Майкоп | C5: -22 | D5: -19 | E5: -18 | F5: -16 | G5: -6 | H5: -34 | I5: 8.4 | J5: 34 | K5: -0.2 | L5: 147 | M5: 2.5 | N5: 167 | O5: 3.2 | P5: 77 | Q5: 68 | R5: 293 | S5: Ю | T5: 3.6 | U5: 3.3
A6: Республика Алтай | B6: Катанда | C6: -43 | D6: -40 | E6: -42 | F6: -38 | G6: -27 | H6: -48 | I6: 12.1 | J6: 171 | K6: -13.9 | L6: 233 | M6: -9 | N6: 255 | O6: -7.5 | P6: 80 | Q6: 76 | R6: 67 | S6: С | T6: 1.8 | U6: 0.7
A7: Республика Алтай | B7: Кош-Агач | C7: -47 | D7: -44 | E7: -45 | F7: -42 | G7: -32 | H7: -55 | I7: 11.5 | J7: 190 | K7: -17.6 | L7: 256 | M7: -12 | N7: 273 | O7: -10.7 | P7: 81 | Q7: 76 | R7: 15 | S7: В | T7: 3.3 | U7: 1.5
A8: Республика Алтай | B8: Онгудай | C8: -41 | D8: -38 | E8: -39 | F8: -36 | G8: -26 | H8: -46 | I8: 10.5 | J8: 164 | K8: -12.8 | L8: 228 | M8: -8 | N8: 247 | O8: -6.7 | P8: 78 | Q8: 72 | R8: 42 | S8: СЗ | T8: 2.1 | U8: 0.5
A9: Республика Алтай | B9: Яйлю | C9: -31 | D9: -28 | E9: -26 | F9: -24 | G9: -13 | H9: -39 | I9: 9 | J9: 148 | K9: -5.8 | L9: 224 | M9: -2.4 | N9: 246 | O9: -1.4 | P9: 66 | Q9: 62 | R9: 132 | S9: В | T9: 3.7 | U9: 2.1
A10: Алтайский край | B10: Алейск | C10: -41 | D10: -38 | E10: -38 | F10: -35 | G10: -24 | H10: -47 | I10: 9.4 | J10: 160 | K10: -11 | L10: 209 | M10: -7.4 | N10: 225 | O10: -6.3 | P10: 77 | Q10: 74 | R10: 131 | S10: ЮЗ | T10: 5.9 | U10: 3.4
A11: Алтайский край | B11: Барнаул | C11: -41 | D11: -40 | E11: -39 | F11: -36 | G11: -23 | H11: -52 | I11: 10 | J11: 163 | K11: -11.1 | L11: 214 | M11: -7.5 | N11: 231 | O11: -6.2 | P11: 77 | Q11: 71 | R11: 125 | S11: ЮЗ | T11: 3.9 | U11: 3.4
A12: Алтайский край | B12: Бийск | C12: -44 | D12: -42 | E12: -41 | F12: -37 | G12: -23 | H12: -51 | I12: 12 | J12: 163 | K12: -11.3 | L12: 213 | M12: -7.6 | N12: 230 | O12: -6.4 | P12: 78 | Q12: 72 | R12: 186 | S12: ЮЗ | T12: 4.9 | U12: 2.3
A13: Алтайский край | B13: Змеиногорск | C13: -44 | D13: -41 | E13: -42 | F13: -37 | G13: -23 | H13: -49 | I13: 12.2 | J13: 159 | K13: -10.2 | L13: 211 | M13: -6.7 | N13: 229 | O13: -5.4 | P13: 74 | Q13: 66 | R13: 263 | S13: Ю | T13: 5.2 | U13: 3.2
A14: Алтайский край | B14: Родино | C14: -44 | D14: -41 | E14: -40 | F14: -37 | G14: -23 | H14: -49 | I14: 9.8 | J14: 162 | K14: -11.4 | L14: 207 | M14: -8 | N14: 223 | O14: -6.7 | P14: 78 | Q14: 75 | R14: 98 | S14: Ю | T14: 5.9 | U14: 4.5
A15: Алтайский край | B15: Рубцовск | C15: -43 | D15: -41 | E15: -40 | F15: -37 | G15: -22 | H15: -49 | I15: 10.2 | J15: 160 | K15: -11.4 | L15: 207 | M15: -7.8 | N15: 222 | O15: -6.6 | P15: 76 | Q15: 74 | R15: 96 | S15: Ю | T15: 7.1 | U15: 5.3
A16: Алтайский край | B16: Славгород | C16: -44 | D16: -41 | E16: -40 | F16: -37 | G16: -24 | H16: -48 | I16: 9.5 | J16: 162 | K16: -12.3 | L16: 206 | M16: -8.8 | N16: 222 | O16: -7.5 | P16: 80 | Q16: 76 | R16: 93 | S16: Ю | T16: 4.9 | U16: 4.1
... A25: Амурская область | B25: Завитинск | C25: -38 | D25: -36 | E25: -35 | F25: -34 | G25: -30 | H25: -46 | I25: 10.1 | J25: 178 | K25: -17.4 | L25: 225 | M25: -12.9 | N25: 241 | O25: -11.4 | P25: 76 | Q25: 70 | R25: 57 | S25: СЗ | T25: 2.1 | U25: 1.9
A26: Амурская область | B26: Зея | C26: -46 | D26: -44 | E26: -43 | F26: -42 | G26: -35 | H26: -52 | I26: 14.7 | J26: 190 | K26: -19.5 | L26: 239 | M26: -14.6 | N26: 255 | O26: -13.1 | P26: 69 | Q26: 63 | R26: 35 | S26: С | T26: 3.5 | U26: -
A27: Амурская область | B27: Норск | C27: -45 | D27: -43 | E27: -44 | F27: -41 | G27: -35 | H27: -55 | I27: 13.9 | J27: 179 | K27: -19.5 | L27: 227 | M27: -14.5 | N27: 243 | O27: -13 | P27: 72 | Q27: 67 | R27: 51 | S27: СВ | T27: 2.1 | U27: 1
A28: Амурская область | B28: Поярково | C28: -40 | D28: -38 | E28: -37 | F28: -35 | G28: -30 | H28: -46 | I28: 11.8 | J28: 167 | K28: -16.4 | L28: 212 | M28: -12 | N28: 227 | O28: -10.6 | P28: 75 | Q28: 70 | R28: 49 | S28: З | T28: 2.5 | U28: 2
A29: Амурская область | B29: Свободный | C29: -42 | D29: -40 | E29: -39 | F29: -37 | G29: -30 | H29: -50 | I29: 11.7 | J29: 176 | K29: -17.1 | L29: 222 | M29: -12.6 | N29: 237 | O29: -11.3 | P29: 70 | Q29: 63 | R29: 50 | S29: З, СЗ | T29: 2.9 | U29: 2.6
A30: Амурская область | B30: Сковородино | C30: -44 | D30: -42 | E30: -42 | F30: -39 | G30: -34 | H30: -52 | I30: 14.5 | J30: 193 | K30: -18.6 | L30: 244 | M30: -13.8 | N30: 260 | O30: -12.4 | P30: 73 | Q30: 65 | R30: 32 | S30: СВ | T30: 2.3 | U30: 2.2
A31: Амурская область | B31: Тында | C31: -45 | D31: -43 | E31: -42 | F31: -40 | G31: -33 | H31: -51 | I31: 10.4 | J31: 199 | K31: -19.1 | L31: 250 | M31: -14.4 | N31: 265 | O31: -13.1 | P31: 74 | Q31: 70 | R31: 52 | S31: З | T31: 3 | U31: 2
A32: Амурская область | B32: Усть-Нюкжа | C32: -47 | D32: -45 | E32: -44 | F32: -43 | G32: -35 | H32: -51 | I32: 7.8 | J32: 200 | K32: -19.9 | L32: 252 | M32: -15 | N32: 266 | O32: -13.7 | P32: 77 | Q32: 74 | R32: 35 | S32: С | T32: 1.8 | U32: 0.6
A33: Амурская область | B33: Черняево | C33: -45 | D33: -43 | E33: -42 | F33: -40 | G33: -34 | H33: -51 | I33: 13.5 | J33: 180 | K33: -17.7 | L33: 229 | M33: -13 | N33: 244 | O33: -11.7 | P33: 72 | Q33: 64 | R33: 32 | S33: З | T33: 3.7 | U33: 1.9
A34: Амурская область | B34: Шимановск | C34: -41 | D34: -40 | E34: -39 | F34: -37 | G34: -30 | H34: -49 | I34: 12.9 | J34: 179 | K34: -17 | L34: 228 | M34: -12.4 | N34: 243 | O34: -11.1 | P34: 72 | Q34: 65 | R34: 42 | S34: СЗ | T34: 3.1 | U34: 2.1
A35: Амурская область | B35: Экимчан | C35: -45 | D35: -44 | E35: -43 | F35: -42 | G35: -35 | H35: -53 | I35: 10.7 | J35: 195 | K35: -19.4 | L35: 247 | M35: -14.4 | N35: 263 | O35: -13 | P35: 74 | Q35: 67 | R35: 67 | S35: В | T35: 1.6 | U35: 1.3
A36: Архангельская область | B36: Архангельск | C36: -40 | D36: -38 | E36: -37 | F36: -34 | G36: -20 | H36: -45 | I36: 8.3 | J36: 175 | K36: -8.1 | L36: 248 | M36: -4.5 | N36: 270 | O36: -3.4 | P36: 85 | Q36: 84 | R36: 188 | S36: ЮВ | T36: 3.6 | U36: 3.1
A37: Архангельская область | B37: Емецк | C37: -38 | D37: -36 | E37: -35 | F37: -32 | G37: -20 | H37: -48 | I37: 6.9 | J37: 175 | K37: -8.5 | L37: 244 | M37: -4.9 | N37: 265 | O37: -3.8 | P37: 84 | Q37: 84 | R37: 159 | S37: Ю | T37: 4.8 | U37: 3.7
A38: Архангельская область | B38: Каргополь | C38: -37 | D38: -34 | E38: -32 | F38: -29 | G38: -18 | H38: -44 | I38: 8.3 | J38: 167 | K38: -7.7 | L38: 235 | M38: -4.3 | N38: 255 | O38: -3.2 | P38: 86 | Q38: 85 | R38: 205 | S38: Ю | T38: 3.6 | U38: 3
... A75: Воронежская область | B75: Воронеж | C75: -30 | D75: -28 | E75: -26 | F75: -24 | G75: -12 | H75: -37 | I75: 6.6 | J75: 130 | K75: -5.3 | L75: 190 | M75: -2.4 | N75: 205 | O75: -1.5 | P75: 83 | Q75: 78 | R75: 206 | S75: З | T75: 4 | U75: 3.2
A76: Республика Дагестан | B76: Дербент | C76: -13 | D76: -11 | E76: -9 | F76: -7 | G76: 0 | H76: -19 | I76: 5 | J76: 0 | K76: - | L76: 136 | M76: 4 | N76: 158 | O76: 4.7 | P76: 83 | Q76: 80 | R76: 184 | S76: СЗ | T76: 3.2 | U76: 2.1
A77: Республика Дагестан | B77: Махачкала | C77: -20 | D77: -17 | E77: -15 | F77: -13 | G77: -2 | H77: -27 | I77: 5.9 | J77: 0 | K77: - | L77: 145 | M77: 2.8 | N77: 165 | O77: 3.6 | P77: 83 | Q77: 79 | R77: 151 | S77: СЗ, З | T77: 5.2 | U77: 3.9
A78: Республика Дагестан | B78: Терекли-Мектеб | C78: -24 | D78: -22 | E78: -20 | F78: -17 | G78: -5 | H78: -35 | I78: 6.5 | J78: 69 | K78: -1.4 | L78: 155 | M78: 1.4 | N78: 172 | O78: 2.2 | P78: 88 | Q78: 81 | R78: 109 | S78: В | T78: 3.7 | U78: 2.8
A79: Еврейская автономная область | B79: Биробиджан | C79: -34 | D79: -33 | E79: -32 | F79: -31 | G79: -26 | H79: -43 | I79: 15.3 | J79: 161 | K79: -14.5 | L79: 210 | M79: -10.1 | N79: 225 | O79: -8.9 | P79: 75 | Q79: 67 | R79: 81 | S79: З | T79: 2.6 | U79: 1.6
A80: Еврейская автономная область | B80: Екатерино-Никольское | C80: -33 | D80: -31 | E80: -30 | F80: -29 | G80: -22 | H80: -40 | I80: 10.2 | J80: 159 | K80: -13.1 | L80: 205 | M80: -9.2 | N80: 220 | O80: -8 | P80: 70 | Q80: 60 | R80: 53 | S80: СЗ | T80: 4.5 | U80: 2.2
A81: Еврейская автономная область | B81: Облучье | C81: -40 | D81: -39 | E81: -37 | F81: -36 | G81: -29 | H81: -46 | I81: 13.1 | J81: 173 | K81: -16.7 | L81: 221 | M81: -12.1 | N81: 237 | O81: -10.7 | P81: 73 | Q81: 67 | R81: 82 | S81: С | T81: 1.9 | U81: 1.5
A82: Забайкальский край | B82: Агинское | C82: -40 | D82: -37 | E82: -36 | F82: -34 | G82: -27 | H82: -48 | I82: 14 | J82: 181 | K82: -14.9 | L82: 237 | M82: -10.4 | N82: 251 | O82: -9.3 | P82: 72 | Q82: 65 | R82: 21 | S82: З | T82: 3.7 | U82: 2.9
A83: Забайкальский край | B83: Акша | C83: -38 | D83: -36 | E83: -35 | F83: -34 | G83: -27 | H83: -50 | I83: 14.8 | J83: 179 | K83: -14.4 | L83: 235 | M83: -9.9 | N83: 251 | O83: -8.7 | P83: 75 | Q83: 68 | R83: 16 | S83: Ю | T83: 4.5 | U83: 2.5
A84: Забайкальский край | B84: Александровский Завод | C84: -40 | D84: -39 | E84: -39 | F84: -37 | G84: -30 | H84: -48 | I84: 14.9 | J84: 190 | K84: -17.1 | L84: 247 | M84: -12.2 | N84: 264 | O84: -10.8 | P84: 77 | Q84: 70 | R84: 25 | S84: Ю | T84: 2.4 | U84: 2.1
A85: Забайкальский край | B85: Борзя | C85: -42 | D85: -41 | E85: -40 | F85: -38 | G85: -31 | H85: -50 | I85: 14.3 | J85: 159 | K85: -13.1 | L85: 205 | M85: -9.2 | N85: 220 | O85: -8 | P85: 79 | Q85: 73 | R85: 19 | S85: СВ | T85: 2.4 | U85: 2.8
A86: Забайкальский край | B86: Дарасун | C86: -38 | D86: -36 | E86: -35 | F86: -34 | G86: -27 | H86: -48 | I86: 14.5 | J86: 185 | K86: -14.1 | L86: 244 | M86: -9.7 | N86: 260 | O86: -8.5 | P86: 73 | Q86: 64 | R86: 27 | S86: СЗ | T86: 3.1 | U86: 1.8
A87: Забайкальский край | B87: Калакан | C87: -50 | D87: -48 | E87: -49 | F87: -47 | G87: -39 | H87: -56 | I87: 14.5 | J87: 205 | K87: -21.5 | L87: 258 | M87: -16.2 | N87: 273 | O87: -14.8 | P87: 78 | Q87: 68 | R87: 24 | S87: З | T87: 2.5 | U87: 0.7
A88: Забайкальский край | B88: Красный Чикой | C88: -41 | D88: -40 | E88: -38 | F88: -37 | G88: -30 | H88: -48 | I88: 12.7 | J88: 181 | K88: -16 | L88: 240 | M88: -11 | N88: 257 | O88: -9.7 | P88: 78 | Q88: 74 | R88: 25 | S88: З | T88: 2.4 | U88: 1.2
A89: Забайкальский край | B89: Могоча | C89: -43 | D89: -42 | E89: -41 | F89: -40 | G89: -33 | H89: -53 | I89: 14.3 | J89: 205 | K89: -21.5 | L89: 258 | M89: -16.2 | N89: 273 | O89: -14.8 | P89: 77 | Q89: 70 | R89: 28 | S89: СЗ | T89: 3.5 | U89: 1.5
... A122: Иркутская область | B122: Чечуйск | C122: -55 | D122: -53 | E122: -52 | F122: -49 | G122: -37 | H122: -60 | I122: 10.1 | J122: 198 | K122: -17.1 | L122: 254 | M122: -12.4 | N122: 267 | O122: -11.4 | P122: 77 | Q122: 75 | R122: 116 | S122: ЮЗ | T122: 4.7 | U122: 2.9
A123: Кабардино-Балкарская Республика | B123: Нальчик | C123: -24 | D123: -21 | E123: -20 | F123: -17 | G123: -8 | H123: -31 | I123: 7 | J123: 87 | K123: -2,1 | L123: 164 | M123: 0,7 | N123: 181 | O123: 1.4 | P123: 85 | Q123: 79 | R123: 141 | S123: В | T123: 2.1 | U123: 1,6
A124: Калининградская область | B124: Калининград | C124: -24 | D124: -21 | E124: -21 | F124: -18 | G124: -6 | H124: -33 | I124: 5.4 | J124: 82 | K124: -1.7 | L124: 188 | M124: 1.3 | N124: 211 | O124: 2.2 | P124: 86 | Q124: 82 | R124: 315 | S124: З | T124: 3.5 | U124: 2.8
A125: Республика Калмыкия | B125: Элиста | C125: -28 | D125: -25 | E125: -24 | F125: -21 | G125: -9 | H125: -34 | I125: 6.1 | J125: 107 | K125: -3.6 | L125: 171 | M125: -0.8 | N125: 186 | O125: 0 | P125: 88 | Q125: 84 | R125: 127 | S125: В | T125: 8.2 | U125: 6.1
A126: Калужская область | B126: Калуга | C126: -33 | D126: -30 | E126: -28 | F126: -25 | G126: -13 | H126: -46 | I126: 7.4 | J126: 139 | K126: -5.8 | L126: 208 | M126: -2.5 | N126: 226 | O126: -1.6 | P126: 85 | Q126: 80 | R126: 215 | S126: З | T126: 3.9 | U126: 3.5
A127: Камчатский край | B127: Апука | C127: -34 | D127: -32 | E127: -31 | F127: -28 | G127: -20 | H127: -40 | I127: 6.7 | J127: 211 | K127: -9.3 | L127: 285 | M127: -5.8 | N127: 315 | O127: -4.4 | P127: 72 | Q127: 70 | R127: 179 | S127: СВ | T127: 7.8 | U127: 6.1
A128: Камчатский край | B128: Большерецк | C128: -31 | D128: -29 | E128: -29 | F128: -27 | G128: -17 | H128: -39 | I128: 9.4 | J128: 180 | K128: -7.5 | L128: 271 | M128: -3.5 | N128: 302 | O128: -2.2 | P128: 80 | Q128: 77 | R128: 265 | S128: СВ | T128: 5.5 | U128: 4.6
A129: Камчатский край | B129: Ича | C129: -29 | D129: -28 | E129: -27 | F129: -26 | G129: -17 | H129: -36 | I129: 7.5 | J129: 185 | K129: -8 | L129: 276 | M129: -4 | N129: 307 | O129: -2.7 | P129: 78 | Q129: 77 | R129: 203 | S129: СВ | T129: 4.4 | U129: 4.8
A130: Камчатский край | B130: Ключи | C130: -37 | D130: -36 | E130: -34 | F130: -33 | G130: -22 | H130: -49 | I130: 10.6 | J130: 185 | K130: -10.3 | L130: 251 | M130: -6.5 | N130: 270 | O130: -5.4 | P130: 80 | Q130: 79 | R130: 311 | S130: З | T130: 3.9 | U130: 3.5
A131: Камчатский край | B131: Козыревск | C131: -39 | D131: -38 | E131: -36 | F131: -35 | G131: -27 | H131: -48 | I131: 12.5 | J131: 183 | K131: -11.6 | L131: 251 | M131: -7.3 | N131: 269 | O131: -6.2 | P131: 82 | Q131: 79 | R131: 180 | S131: С | T131: 5.9 | U131: 2.4
A132: Камчатский край | B132: Корф | C132: -35 | D132: -32 | E132: -31 | F132: -29 | G132: -22 | H132: -41 | I132: 6.9 | J132: 209 | K132: -10.4 | L132: 271 | M132: -7.1 | N132: 294 | O132: -5.8 | P132: 71 | Q132: 70 | R132: 151 | S132: С | T132: 6 | U132: 4.9
A133: Камчатский край | B133: Кроноки | C133: -25 | D133: -23 | E133: -22 | F133: -20 | G133: -14 | H133: -29 | I133: 7.2 | J133: 179 | K133: -5.5 | L133: 278 | M133: -2.1 | N133: 308 | O133: -1 | P133: 70 | Q133: 65 | R133: 422 | S133: С | T133: 3.8 | U133: 3
A134: Камчатский край | B134: Лопатка, мыс | C134: -18 | D134: -15 | E134: -16 | F134: -13 | G134: -7 | H134: -21 | I134: 3.3 | J134: 167 | K134: -3.4 | L134: 294 | M134: -0.2 | N134: 365 | O134: 1.7 | P134: 85 | Q134: 82 | R134: 348 | S134: СЗ | T134: 12 | U134: 9.6
A135: Камчатский край | B135: Мильково | C135: -41 | D135: -39 | E135: -38 | F135: -36 | G135: -26 | H135: -51 | I135: 13.4 | J135: 186 | K135: -12.5 | L135: 251 | M135: -8.2 | N135: 269 | O135: -7 | P135: 82 | Q135: 79 | R135: 229 | S135: З | T135: 3.2 | U135: 1.8
... A177: Костромская область | B177: Шарья | C177: -41 | D177: -37 | E177: -36 | F177: -32 | G177: -17 | H177: -46 | I177: 8.7 | J177: 158 | K177: -7.9 | L177: 224 | M177: -4.4 | N177: 241 | O177: -3.4 | P177: 85 | Q177: 83 | R177: 203 | S177: Ю | T177: 3.4 | U177: 3
A178: Краснодарский край | B178: Красная Поляна | C178: -12 | D178: -10 | E178: -9 | F178: -7 | G178: -2 | H178: -23 | I178: 7.3 | J178: 0 | K178: - | L178: 153 | M178: 3.1 | N178: 175 | O178: 3.8 | P178: 83 | Q178: 72 | R178: 987 | S178: С | T178: 1.5 | U178: 1.4
A179: Краснодарский край | B179: Краснодар | C179: -23 | D179: -20 | E179: -18 | F179: -15 | G179: -3 | H179: -36 | I179: 7.1 | J179: 31 | K179: 0 | L179: 146 | M179: 2.7 | N179: 165 | O179: 3.4 | P179: 81 | Q179: 72 | R179: 309 | S179: В | T179: 3.2 | U179: 2.6
A180: Краснодарский край | B180: Приморско-Ахтарск | C180: -21 | D180: -19 | E180: -17 | F180: -15 | G180: -4 | H180: -30 | I180: 6 | J180: 63 | K180: -1.1 | L180: 155 | M180: 1.7 | N180: 172 | O180: 2.4 | P180: 83 | Q180: 78 | R180: 242 | S180: В | T180: 4.4 | U180: 3.5
A181: Краснодарский край | B181: Сочи | C181: -6 | D181: -4 | E181: -5 | F181: -3 | G181: 3 | H181: -13 | I181: 6.2 | J181: 0 | K181: - | L181: 93 | M181: 6.6 | N181: 128 | O181: 7.2 | P181: 72 | Q181: 68 | R181: 804 | S181: В | T181: 4.6 | U181: 2.2
A182: Краснодарский край | B182: Тихорецк | C182: -24 | D182: -22 | E182: -20 | F182: -17 | G182: -6 | H182: -32 | I182: 6.9 | J182: 72 | K182: -1.5 | L182: 157 | M182: 1.3 | N182: 173 | O182: 2 | P182: 83 | Q182: 77 | R182: 242 | S182: В | T182: 4.5 | U182: 3.4
A183: Красноярский край | B183: Агата | C183: -56 | D183: -55 | E183: -54 | F183: -53 | G183: -43 | H183: -59 | I183: 9.6 | J183: 233 | K183: -21.7 | L183: 291 | M183: -16.6 | N183: 306 | O183: -15.3 | P183: 75 | Q183: 74 | R183: 125 | S183: Ю | T183: 2.9 | U183: 1.6
A184: Красноярский край | B184: Ачинск | C184: -43 | D184: -40 | E184: -40 | F184: -36 | G184: -22 | H184: -60 | I184: 7.7 | J184: 172 | K184: -10.6 | L184: 234 | M184: -6.7 | N184: 250 | O184: -5.7 | P184: 74 | Q184: 71 | R184: 102 | S184: ЮЗ | T184: 4.7 | U184: 4
A185: Красноярский край | B185: Байкит | C185: -55 | D185: -53 | E185: -52 | F185: -50 | G185: -38 | H185: -57 | I185: 8.6 | J185: 212 | K185: -18.4 | L185: 267 | M185: -13.8 | N185: 280 | O185: -12.7 | P185: 76 | Q185: 75 | R185: 150 | S185: Ю | T185: 2.1 | U185: 1.2
A186: Красноярский край | B186: Боготол | C186: -44 | D186: -41 | E186: -41 | F186: -37 | G186: -23 | H186: -53 | I186: 8.5 | J186: 177 | K186: -11.1 | L186: 238 | M186: -7.2 | N186: 256 | O186: -6.1 | P186: 74 | Q186: 72 | R186: 142 | S186: ЮЗ | T186: 3.7 | U186: 3.1
A187: Красноярский край | B187: Богучаны | C187: -50 | D187: -47 | E187: -47 | F187: -45 | G187: -32 | H187: -54 | I187: 9.8 | J187: 185 | K187: -15.2 | L187: 246 | M187: -10.4 | N187: 260 | O187: -9.4 | P187: 77 | Q187: 75 | R187: 85 | S187: З | T187: 3.1 | U187: 1.9
A188: Красноярский край | B188: Ванавара | C188: -56 | D188: -55 | E188: -53 | F188: -51 | G188: -39 | H188: -61 | I188: 12.4 | J188: 207 | K188: -18.4 | L188: 261 | M188: -13.8 | N188: 274 | O188: -12.7 | P188: 77 | Q188: 75 | R188: 107 | S188: ЮЗ | T188: 2.1 | U188: 1.5
A189: Красноярский край | B189: Вельмо | C189: -56 | D189: -53 | E189: -50 | F189: -48 | G189: -37 | H189: -59 | I189: 11.6 | J189: 205 | K189: -17.3 | L189: 264 | M189: -12.5 | N189: 279 | O189: -11.4 | P189: 76 | Q189: 76 | R189: 176 | S189: З | T189: 4 | U189: 1.5
A190: Красноярский край | B190: Верхнеимбатск | C190: -54 | D190: -51 | E190: -50 | F190: -47 | G190: -28 | H190: -57 | I190: 8.2 | J190: 212 | K190: -15.4 | L190: 265 | M190: -11.5 | N190: 278 | O190: -10.5 | P190: 77 | Q190: 77 | R190: 191 | S190: ЮВ | T190: 3.1 | U190: 2.6
A191: Красноярский край | B191: Волочанка | C191: -55 | D191: -53 | E191: -52 | F191: -50 | G191: -40 | H191: -59 | I191: 8.2 | J191: 252 | K191: -20.7 | L191: 300 | M191: -16.7 | N191: 316 | O191: -15.4 | P191: 77 | Q191: 77 | R191: 98 | S191: В | T191: 6.7 | U191: 3.8
A192: Красноярский край | B192: Диксон | C192: -44 | D192: -43 | E192: -42 | F192: -40 | G192: -32 | H192: -48 | I192: 6.8 | J192: 264 | K192: -17 | L192: 366 | M192: -11.2 | N192: 365 | O192: -11.1 | P192: 82 | Q192: 82 | R192: 146 | S192: Ю | T192: 9 | U192: 6.5
A193: Красноярский край | B193: Дудинка | C193: -52 | D193: -50 | E193: -47 | F193: -47 | G193: -38 | H193: -57 | I193: 8 | J193: 247 | K193: -18.8 | L193: 296 | M193: -15 | N193: 311 | O193: -13.9 | P193: 73 | Q193: 73 | R193: 203 | S193: Ю | T193: 6.7 | U193: 5
... A203: Красноярский край | B203: Ярцево | C203: -51 | D203: -49 | E203: -48 | F203: -46 | G203: -32 | H203: -56 | I203: 9.1 | J203: 199 | K203: -14.7 | L203: 255 | M203: -10.6 | N203: 270 | O203: -9.5 | P203: 78 | Q203: 78 | R203: 198 | S203: ЮВ | T203: 4.1 | U203: 3.3
A204: Республика Крым | B204: Ай-Петри | C204: -22 | D204: -20 | E204: -18 | F204: -16 | G204: -7 | H204: -27 | I204: 5.6 | J204: 104 | K204: -2.2 | L204: 209 | M204: 0.9 | N204: 235 | O204: 1.8 | P204: 83 | Q204: 69 | R204: 638 | S204: СЗ | T204: - | U204: -
A205: Республика Крым | B205: Керчь | C205: -17 | D205: -15 | E205: -14 | F205: -12 | G205: -3 | H205: -23 | I205: 5.9 | J205: 37 | K205: 0 | L205: 154 | M205: 2.6 | N205: 174 | O205: 3.4 | P205: 86 | Q205: 80 | R205: 183 | S205: СВ | T205: 6.3 | U205: 5.1
A206: Республика Крым | B206: Клепинино | C206: -22 | D206: -19 | E206: -17 | F206: -14 | G206: -5 | H206: -33 | I206: 6.7 | J206: 45 | K206: -0.7 | L206: 152 | M206: 2.4 | N206: 175 | O206: 3.3 | P206: 86 | Q206: 74 | R206: 178 | S206: В | T206: - | U206: -
A207: Республика Крым | B207: Севастополь | C207: -14 | D207: -12 | E207: -9 | F207: -7 | G207: 1 | H207: -22 | I207: 6.1 | J207: 0 | K207: - | L207: 132 | M207: 4.9 | N207: 160 | O207: 5.6 | P207: 80 | Q207: 67 | R207: 204 | S207: СВ | T207: - | U207: -
A208: Республика Крым | B208: Симферополь | C208: -20 | D208: -18 | E208: -15 | F208: -13 | G208: -3 | H208: -30 | I208: 6.4 | J208: 32 | K208: 0 | L208: 154 | M208: 2.6 | N208: 177 | O208: 3.4 | P208: 84 | Q208: 76 | R208: 209 | S208: СВ | T208: 6.2 | U208: 4.9
A209: Республика Крым | B209: Феодосия | C209: -17 | D209: -15 | E209: -14 | F209: -12 | G209: -2 | H209: -25 | I209: 5.8 | J209: 0 | K209: - | L209: 142 | M209: 3.5 | N209: 164 | O209: 4.2 | P209: 81 | Q209: 76 | R209: 187 | S209: СЗ | T209: 3.7 | U209: 3.6
A210: Республика Крым | B210: Ялта | C210: -9 | D210: -7 | E210: -5 | F210: -4 | G210: 2 | H210: -12 | I210: 5.6 | J210: 0 | K210: - | L210: 127 | M210: 5.3 | N210: 154 | O210: 5.9 | P210: 76 | Q210: 52 | R210: 342 | S210: З | T210: 2.8 | U210: 1.9
A211: Курганская область | B211: Курган | C211: -42 | D211: -40 | E211: -39 | F211: -36 | G211: -22 | H211: -48 | I211: 8.8 | J211: 161 | K211: -11.2 | L211: 212 | M211: -7.5 | N211: 228 | O211: -6.3 | P211: 77 | Q211: 75 | R211: 93 | S211: Ю | T211: 5.4 | U211: 4
A212: Курская область | B212: Курск | C212: -29 | D212: -27 | E212: -25 | F212: -23 | G212: -12 | H212: -35 | I212: 6.2 | J212: 132 | K212: -5.1 | L212: 194 | M212: -2.2 | N212: 210 | O212: -1.3 | P212: 85 | Q212: 81 | R212: 224 | S212: З | T212: 4 | U212: 3.4
A213: Ленинградская область | B213: Выборг | C213: -32 | D213: -29 | E213: -29 | F213: -26 | G213: -13 | H213: -38 | I213: 7.2 | J213: 143 | K213: -5.1 | L213: 221 | M213: -1.9 | N213: 239 | O213: -1.1 | P213: 86 | Q213: 85 | R213: 264 | S213: Ю | T213: 6 | U213: 3.7
A214: Ленинградская область | B214: Новая Ладога | C214: -34 | D214: -31 | E214: -30 | F214: -27 | G214: -14 | H214: -44 | I214: 5.9 | J214: 142 | K214: -5.4 | L214: 217 | M214: -2.2 | N214: 237 | O214: -1.2 | P214: 86 | Q214: 84 | R214: 344 | S214: Ю | T214: 3.7 | U214: 3.3
A215: Ленинградская область | B215: Санкт-Петербург | C215: -31 | D215: -28 | E215: -27 | F215: -24 | G215: -11 | H215: -36 | I215: 5.8 | J215: 130 | K215: -4.4 | L215: 211 | M215: -1.2 | N215: 230 | O215: -0.4 | P215: 86 | Q215: 84 | R215: 322 | S215: ЮЗ, З | T215: 3.2 | U215: 2.4
A216: Ленинградская область | B216: Тихвин | C216: -38 | D216: -35 | E216: -33 | F216: -29 | G216: -15 | H216: -51 | I216: 8.4 | J216: 148 | K216: -5.9 | L216: 223 | M216: -2.6 | N216: 241 | O216: -1.7 | P216: 86 | Q216: 84 | R216: 380 | S216: Ю | T216: 3.2 | U216: 2.6
A217: Липецкая область | B217: Липецк | C217: -32 | D217: -30 | E217: -28 | F217: -25 | G217: -14 | H217: -38 | I217: 6.9 | J217: 138 | K217: -6.1 | L217: 196 | M217: -3.1 | N217: 212 | O217: -2.2 | P217: 86 | Q217: 83 | R217: 179 | S217: З | T217: 5.2 | U217: 4.5
A218: Магаданская область | B218: Брохово | C218: -39 | D218: -37 | E218: -37 | F218: -35 | G218: -26 | H218: -46 | I218: 7.7 | J218: 215 | K218: -13 | L218: 279 | M218: -9.1 | N218: 300 | O218: -7.8 | P218: 79 | Q218: 77 | R218: 223 | S218: СЗ | T218: 6.9 | U218: 5.2
A219: Магаданская область | B219: Магадан | C219: -32 | D219: -30 | E219: -30 | F219: -28 | G219: -21 | H219: -35 | I219: 7.2 | J219: 210 | K219: -11.1 | L219: 278 | M219: -7.4 | N219: 302 | O219: -6.1 | P219: 62 | Q219: 60 | R219: 128 | S219: СВ | T219: 4.7 | U219: 3.9
A220: Магаданская область | B220: Омсукчан | C220: -53 | D220: -52 | E220: -49 | F220: -48 | G220: -42 | H220: -56 | I220: 8.6 | J220: 231 | K220: -22.7 | L220: 279 | M220: -18 | N220: 297 | O220: -16.4 | P220: 73 | Q220: 73 | R220: 86 | S220: СВ | T220: 4.6 | U220: 2.2
A221: Магаданская область | B221: Палатка | C221: -40 | D221: -38 | E221: -38 | F221: -35 | G221: -29 | H221: -49 | I221: 9.9 | J221: 218 | K221: -14.8 | L221: 272 | M221: -11 | N221: 290 | O221: -9.8 | P221: 69 | Q221: 64 | R221: 90 | S221: В | T221: 3.9 | U221: 2.5
A222: Магаданская область | B222: Среднекан | C222: -54 | D222: -52 | E222: -51 | F222: -50 | G222: -42 | H222: -56 | I222: 6 | J222: 223 | K222: -24.3 | L222: 264 | M222: -19.8 | N222: 278 | O222: -18.4 | P222: 78 | Q222: 77 | R222: 146 | S222: ЮЗ | T222: 1.5 | U222: 1.6
... A445: Ярославская область | B445: Ярославль | C445: -36 | D445: -33 | E445: -32 | F445: -29 | G445: -15 | H445: -46 | I445: 7.3 | J445: 150 | K445: -6.8 | L445: 215 | M445: -3.5 | N445: 233 | O445: -2.5 | P445: 85 | Q445: 82 | R445: 184 | S445: Ю | T445: 4.7 | U445: 3.8
